Question/Issue,Answer/Response,Category
Who is Farhan Ahmed?,"Farhan Ahmed is a full-stack web developer and a top-rated freelancer on Upwork, having completed over 6000+ hours.",About
Who is the owner of the website farhyn.com?,Farhan Ahmed is the owner of the website farhyn.com,About
Are there any protections for freelancers on this platform?,The platform does not offer protections like escrow or arbitration. Freelancers are advised to establish clear terms and payment schedules directly with clients before starting work.,Best Practices
What should I do if I dont get paid for work?,"As the platform does not offer escrow services, freelancers and clients are advised to establish clear agreements before starting a project. The website does not intervene in payment or project disputes.",Best Practices
What kind of content or blog does Farhan Ahmed post on his website?,"Farhan Ahmed frequently posts technical blogs and offers courses in web development, programming, and freelancing tips.",Content
Does Farhan Ahmed offer courses on his website?,"Yes, Farhan Ahmed regularly posts blogs and offers many courses on his website, most of which are absolutely free.",Courses
How can Farhan Ahmed's courses benefit me?,"Farhan Ahmeds courses cover a range of topics from beginner to advanced levels, helping learners develop new skills.",Courses
Does Farhan Ahmed have expertise in AWS and Oracle server management?,"Yes, Farhan Ahmed is highly skilled in AWS, Oracle, and server management, supporting robust backend infrastructure.",Expertise
I need help for develop a website,"Sure, Farhan Ahmed can help you develop a custom website. He is an experienced web developer with a successful track record. Please submit this form to book an appointment with Farhan Ahmed and get a quote from him. https://farhyn.com/appointment",Expertise
Is Farhan Ahmed an expert in Python?,"Yes, Farhan Ahmed is an experienced Python developer and often introduces himself as a Python specialist. He also knows other programming languages like JavaScript and PHP.",Expertise
What are Farhan Ahmed's areas of expertise?,"Farhan Ahmed specializes in Python, JavaScript, server management, AWS, Oracle, and building highly scalable web scrapers and web applications.",Expertise
how many programming language know Farhan Ahmed?,Farhan Ahmed is an experienced Python developer and often introduces himself as a Python specialist. He also knows other programming languages like JavaScript and PHP.,Expertise
I need help on chat can you guide me,Hi! I am an AI chatbot developed by Farhan Ahmed. How can I help you?,Greeting ChatBot
Is anyone available on chat?,Hi! I am an AI chatbot developed by Farhan Ahmed. How can I help you?,Greeting ChatBot
What should I say to the chatbot?,Hi! I am an AI chatbot developed by Farhan Ahmed. How can I help you?,Greeting ChatBot
anyone available Online for chat,Hi! I am an AI chatbot developed by Farhan Ahmed. How can I help you?,Greeting ChatBot
anyone available for chat,Hi! I am an AI chatbot developed by Farhan Ahmed. How can I help you?,Greeting ChatBot
hello,Hi! I am an AI chatbot developed by Farhan Ahmed. How can I help you?,Greeting ChatBot
hi,Hi! I am an AI chatbot developed by Farhan Ahmed. How can I help you?,Greeting ChatBot
who are you?,Hi! I am an AI chatbot developed by Farhan Ahmed. How can I help you?,Greeting ChatBot
Is Farhan Ahmed or the website responsible for payments?,"No, Farhan Ahmed and the website are not responsible for any payment disputes, work not delivered, or any other issues. The platform only facilitates connections between clients and freelancers.",Liability
Is Farhan Ahmed responsible if a project goes wrong?,"No, Farhan Ahmed and the website are not liable for any project issues. The platform simply facilitates introductions; all project management and payment are handled between the client and freelancer.",Liability
Does the platform offer escrow services?,"No, the platform does not offer escrow or payment protection services. Clients and freelancers work together individually, handling payments and project management on their own.",Platform
Does the website take a commission on projects?,"No, the platform does not take any commission or hold funds. It simply acts as a marketplace for clients and freelancers to connect and start projects independently.",Platform
How can clients and freelancers connect on the platform?,"Clients can post their projects on the platform, and freelancers can bid on these projects. All further communication and project discussions are managed directly between the client and freelancer.",Platform
What is farhyn.com?,"Farhyn.com is developed by Farhan Ahmed, who is a full-stack developer with a variety of expertise. You can find work on the site, or if you are a client, you can post projects on farhyn.com. It's a trust-based freelancing platform.",Platform
What is the freelancing platform on Farhans website?,Farhan's website offers a trust-based freelancing platform where clients can post projects and freelancers can bid on them.,Platform
What kind of projects can be posted on the platform?,"Clients can post a variety of projects, including web development, API development, and data scraping. Freelancers with different expertise can bid and communicate directly with clients.",Platform
What type of services does farhyn.com offer?,"Farhyn.com is developed by Farhan Ahmed, who is a full-stack developer with a variety of expertise. You can find work on the site, or if you are a client, you can post projects on farhyn.com. It's a trust-based freelancing platform.",Platform
What type of website is farhyn.com?,"Farhyn.com is developed by Farhan Ahmed, who is a full-stack developer with a variety of expertise. You can find work on the site, or if you are a client, you can post projects on farhyn.com. It's a trust-based freelancing platform.",Platform
Who manages payments and project agreements?,"Clients and freelancers manage payments, agreements, and project terms independently. The website does not hold any funds or manage project details beyond initial introductions.",Platform
how can I get job or work,"You can get jobs by bidding on client projects, but Farhyn.com doesn't provide any payment protection, as it is a trust-based freelancing platform. Work at your own risk",Platform
how can I get job or work on farhyn.com,"You can get jobs by bidding on client projects, but Farhyn.com doesn't provide any payment protection, as it is a trust-based freelancing platform. Work at your own risk",Platform
Can I request a refund after purchasing a course?,"No, we do not offer refunds on digital products, including courses, as they are non-refundable.",Policies
Does the website have a Privacy Policy?,"Yes, the website has a Privacy Policy. You can view it here https://farhyn.com/privacy-policy",Policies
What is the refund policy?,"We do not offer refunds for digital products once a course has been purchased, as they are non-refundable. Here is our refund policy page link  https://farhyn.com/refund-policy",Policies
Where can I find the Terms and Conditions?,The Terms and Conditions are available on our website. You can view them here https://farhyn.com/terms-conditions,Policies
Can Farhan Ahmed help develop a website?,"Sure, Farhan Ahmed can help you develop a custom website. He is an experienced web developer with a successful track record. Please submit this form to book an appointment with Farhan Ahmed and get a quote from him. https://farhyn.com/appointment",Services
Can your web scrapers handle dynamic websites built with JavaScript?,"our web scrapers can handle dynamic websites built with JavaScript. For more details on how we can tailor our services to your needs, please book an appointment with us  https://farhyn.com/appointment",Services
Does Farhan Ahmed offer API development services?,"Yes, Farhan Ahmed provides API development services tailored to client needs, including RESTful and scalable APIs.",Services
Does Farhan Ahmed provide backend services?,"Farhan Ahmed has expertise in backend development. He uses Python to build robust backend systems and have strong server management skills.  To explore how he can help with your project, please book an appointment  https://farhyn.com/appointment",Services
Does Farhan Ahmed provide web development services?,"Yes, Farhan Ahmed provide web development service. Please submit this form to book an appointment with Farhan Ahmed and get a quote from him for your web development project. https://farhyn.com/appointment",Services
Does Farhan Ahmed provide frontend services?,"Farhan Ahmed utilizes modern frameworks like React and Next.js to build efficient and scalable frontend applications. To explore how he can help with your project, please book an appointment  https://farhyn.com/appointment",Services
How much do your web scraping services cost or develop an custom bot?,The cost of our web scraping services and custom bot development varies based on the complexity and scope of the project. Please book an appointment to discuss your specific needs and receive a detailed quote . https://farhyn.com/appointment,Services
How much will it cost to develop a custom website?,Please book an appointment with Farhan Ahmed for discussion. Here is the appointment link; just submit the form and get a response from him  https://farhyn.com/appointment,Services
How to book an appointment with Farhan Ahmed?,Please submit this form to book an appointment  https://farhyn.com/appointment,Services
How to contact with Farhan Ahmed?,Please submit this form to book an appointment  https://farhyn.com/appointment,Services
i need website,If you need website then Farhan Ahmed can help you bulid your custom website.  Please submit this form to book an appointment with Farhan Ahmed https://farhyn.com/appointment,Services
I need to build a custom chatbot like you.,"Sure, Farhan can help you build a custom chatbot like me You can book an appointment with him https://farhyn.com/appointment",Services
What are the main services offered by Farhan Ahmed?,"Farhan Ahmed offers website development, API development, Python programming, server management, and web scraping services.",Services
What frameworks does Farhan Ahmed use for building applications?,"For backend development, Farhan Ahmed primarily uses FastAPI and Django, which allow for robust and scalable server-side solutions. On the frontend, he specializes in React and Next.js, enabling the creation of efficient and modern user interfaces. To explore how these technologies can be utilized for your project, please book an appointment with him https://farhyn.com/appointment",Services
What frameworks does Farhan Ahmed use for building backend applications?,"Farhan Ahmed primarily uses FastAPI and Django for backend development. These frameworks allow for robust, scalable, and efficient application development. To discuss how these technologies can be tailored to meet your project's needs, please book an appointment with him   https://farhyn.com/appointment",Services
What frameworks does Farhan Ahmed use for building frontend applications?,"Farhan Ahmed utilizes modern frameworks like React and Next.js to build efficient and scalable frontend applications. To explore how he can help with your project, please book an appointment  https://farhyn.com/appointment",Services
What types of services does Farhan Ahmed offer?,"Farhan Ahmed offers website development, API development, Python programming, server management, and web scraping services.",Services
What types of web scraping services do you offer?,"We offer comprehensive web scraping services tailored to your data collection needs. For more details and to discuss your specific requirements, please book an appointment with us. https://farhyn.com/appointment",Services
can you tell me about farhan ahmed,"Farhan Ahmed is a full-stack web developer and a top-rated freelancer on Upwork, having completed over 6000+ hours.",Services
I want to build a custom web application or website,"Sure, Farhan Ahmed can help you develop a custom website. He is an experienced web developer with a successful track record. Please submit this form to book an appointment with Farhan Ahmed and get a quote from him. https://farhyn.com/appointment",Services
I want to buid website for my company,"Sure, Farhan Ahmed can help you develop a custom website. He is an experienced web developer with a successful track record. Please submit this form to book an appointment with Farhan Ahmed and get a quote from him. https://farhyn.com/appointment",Services
What kind of after-service support do you provide for web development projects?,"We offer comprehensive after-service support for all our web development projects, including bug fixes, performance optimization, and periodic updates to ensure your website runs smoothly and efficiently. Our support team is available to assist you with any issues or questions you may have.",Services
how do you ensure client satisfaction in your projects?,"Client satisfaction is our top priority. We ensure satisfaction by maintaining clear communication, meeting project deadlines, and adhering to the highest quality standards. We also conduct regular feedback sessions during and after the project completion to ensure all client needs are met and any concerns are promptly addressed.",Services
Can I expect maintenance services after my website goes live?,"Absolutely! Once your website is live, we provide ongoing maintenance services to handle any updates, security checks, and ensure that your site adapts to the evolving needs of your business. Our maintenance packages are designed to give you peace of mind and keep your digital presence strong.",Services
How long does your after-service support last?,"Our standard after-service support lasts for three months post-project completion, during which all support and maintenance are free of charge. Extended support can also be arranged upon request, tailored to the long-term needs of your project.",Services
Does Farhan Ahmed offer ongoing website maintenance services?,"Yes, Farhan Ahmed provides ongoing website maintenance plans to ensure your website stays up-to-date, secure, and functioning optimally. Schedule an appointment here: https://farhyn.com/appointment",Services
Can Farhan Ahmed help me with website content creation?,"Yes, Farhan Ahmed specializes in content creation and can also provide trusted guidance on best practices for website content. Feel free to schedule an appointment to discuss more: https://farhyn.com/appointment.",Services
Does Farhan Ahmed offer user interface (UI) and user experience (UX) design services?,"Yes, Farhan Ahmed prioritizes creating user-friendly interfaces and positive user experiences  in all web development projects. Book an appointment here: https://farhyn.com/appointment",Services
Does Farhan Ahmed follow a specific project management methodology?,"Farhan Ahmed likely employs a flexible project management approach, adapting to the project's needs. They can discuss their process during your consultation: https://farhyn.com/appointment",Project Management
Can I stay involved in the development process and provide feedback?,"Yes, Farhan Ahmed encourages client collaboration throughout the development process. You'll have opportunities to provide feedback and ensure the project aligns with your vision.",Project Management
Does Farhan Ahmed offer project timelines and milestones?,"Yes, Farhan Ahmed will establish clear project timelines and milestones during the initial planning stages. This ensures transparency and keeps the project on track.",Project Management
Does Farhan Ahmed offer transparent pricing for their services?,Farhan Ahmed likely provides customized quotes based on your project's specific needs. Schedule a consultation to discuss pricing: https://farhyn.com/appointment,Pricing
Can I see examples of Farhan Ahmed's previous web development work?,"Yes, you can see Farhan Ahmed's recent work directly from his website. I also recommend visiting this URL for more details: https://farhyn.com",Client Satisfaction
Does Farhan Ahmed offer any guarantees on their work?,"Farhan Ahmed likely offers a warranty period for their development work, ensuring revisions if needed. Discuss specific guarantees during your consultation.",Client Satisfaction
What programming languages and frameworks does Farhan Ahmed use?,"Farhan Ahmed specializes in Python and JavaScript. For Python, he uses Django and FastAPI, while for JavaScript, he works with React and Next.js. Feel free to schedule a consultation to discuss his technical expertise in more detail.",Technical Expertise
Does Farhan Ahmed offer accessibility audits for websites?,Farhan Ahmed likely prioritizes developing websites that are accessible to everyone. They can discuss accessibility options during your consultation.,Technical Expertise
Can Farhan Ahmed help with website security measures?,"Yes, Farhan Ahmed likely implements best practices for website security during development. They can discuss specific security measures offered during your consultation.",Technical Expertise
Does Farhan Ahmed offer domain name registration and web hosting services?,"While Farhan Ahmed may not directly offer these services, they can recommend trusted partners to assist you. Schedule an appointment to discuss: https://farhyn.com/appointment",Additional Services
Can Farhan Ahmed help with search engine marketing (SEM) for my website?,"Yes, Farhan Ahmed can help, and he is an expert in search engine marketing (SEM). Feel free to schedule a consultation to discuss how he can optimize your website for search engines: https://farhyn.com.",Services
Can Farhan Ahmed create custom animations for my website?,"Yes, Farhan Ahmed can incorporate engaging animations to enhance the user experience and visual appeal of your website.",Services
Does Farhan Ahmed offer video production services for websites?,"While Farhan Ahmed may not specialize in video production, they can recommend trusted partners or offer guidance on video integration.",Services
How does Farhan Ahmed handle project revisions and changes?,"Farhan Ahmed likely has a process for handling project revisions and changes, ensuring they are incorporated efficiently and within budget.",Services
What is the typical turnaround time for web development projects?,Turnaround times vary depending on project complexity. Farhan Ahmed can provide estimated timelines during your consultation.,Services
Does Farhan Ahmed offer flexible payment options?,"Farhan Ahmed may offer flexible payment options, such as installments or project-based billing.",Services
Can I request a non-disclosure agreement (NDA) before sharing project details?,"Yes, Farhan Ahmed is likely willing to sign an NDA to protect your confidential information.",Services
Does Farhan Ahmed have experience with responsive web design?,"Yes, Farhan Ahmed specializes in creating websites that adapt seamlessly to different screen sizes and devices.",Services
Can Farhan Ahmed help with website optimization for mobile devices?,"Yes, Farhan Ahmed ensures websites are optimized for mobile performance, improving user experience and search engine rankings.",Services
Does Farhan Ahmed offer email marketing services?,"While Farhan Ahmed may not specialize in email marketing, they can recommend trusted partners or offer guidance on email campaigns.",Services
Can Farhan Ahmed help with social media marketing for my website?,"Yes, Farhan Ahmed can provide social media marketing strategies and help integrate social media features into your website.",Services
Can Farhan Ahmed help me build a mobile-responsive website?,"Yes, Farhan Ahmed builds mobile-responsive websites to ensure your users have a seamless experience across all devices. Book an appointment here: https://farhyn.com/appointment",Services
Does Farhan Ahmed offer custom API development services?,"Yes, Farhan Ahmed specializes in developing custom APIs for web and mobile applications. Book an appointment to discuss your specific needs: https://farhyn.com/appointment",Services
Can Farhan Ahmed redesign my current website to improve user experience?,"Yes, Farhan Ahmed offers website redesign services to improve the UI/UX and make your website more engaging for users. Schedule an appointment here: https://farhyn.com/appointment",Services
Does Farhan Ahmed offer server management services?,"Yes, Farhan Ahmed provides server management services, including setup, monitoring, and maintenance to ensure reliability. Book an appointment here to learn more: https://farhyn.com/appointment",Services
Can Farhan Ahmed create an e-commerce store for my business?,"Yes, Farhan Ahmed can create a custom e-commerce store with features like product management, payment gateway integration, and customer management. Book an appointment here to discuss: https://farhyn.com/appointment",Services
Does Farhan Ahmed provide SEO services to boost website visibility?,"Yes, Farhan Ahmed offers SEO services to help improve your website’s ranking in search engine results. Book an appointment here: https://farhyn.com/appointment",Services
Can Farhan Ahmed develop a progressive web app (PWA)?,"Yes, Farhan Ahmed can develop progressive web apps (PWAs) to offer a native app-like experience directly in the browser. Book an appointment here: https://farhyn.com/appointment",Services
Does Farhan Ahmed integrate payment gateways like Stripe or PayPal?,"Yes, Farhan Ahmed provides payment gateway integration, including Stripe and PayPal, for e-commerce websites. Book an appointment to discuss: https://farhyn.com/appointment",Services
Can Farhan Ahmed build a membership site with different user levels?,"Yes, Farhan Ahmed can build a membership site with multiple user levels and access control. Schedule an appointment here: https://farhyn.com/appointment",Services
Does Farhan Ahmed provide web scraping services?,"Yes, Farhan Ahmed offers web scraping services to extract valuable data from websites. Book an appointment here: https://farhyn.com/appointment",Services
Can Farhan Ahmed integrate social media login on my website?,"Yes, Farhan Ahmed can integrate social media logins such as Facebook and Google to provide easy access for users. Book an appointment to learn more: https://farhyn.com/appointment",Services
Does Farhan Ahmed offer cloud deployment for web applications?,"Yes, Farhan Ahmed provides cloud deployment services, including using AWS, Google Cloud, and Azure to host your web applications. Book an appointment to discuss: https://farhyn.com/appointment",Project Management
Can Farhan Ahmed develop a booking system for my website?,"Yes, Farhan Ahmed can create a custom booking system for your website, allowing your customers to schedule appointments easily. Schedule an appointment here: https://farhyn.com/appointment",Project Management
Does Farhan Ahmed provide multi-language website development?,"Yes, Farhan Ahmed can develop multi-language websites to cater to a diverse, international audience. Book an appointment here to discuss: https://farhyn.com/appointment",Project Management
Can Farhan Ahmed help optimize my website for faster loading times?,"Yes, Farhan Ahmed offers website optimization services to improve loading speed and performance. Book an appointment to discuss: https://farhyn.com/appointment",Pricing
Does Farhan Ahmed create custom dashboards for data visualization?,"Yes, Farhan Ahmed provides custom dashboard development for effective data visualization and reporting. Schedule an appointment here: https://farhyn.com/appointment",Client Satisfaction
Can Farhan Ahmed help integrate a chatbot into my website?,"Yes, Farhan Ahmed can integrate a chatbot to automate customer service and interactions on your website. Book an appointment to learn more: https://farhyn.com/appointment",Client
Does Farhan Ahmed offer SaaS application development?,"Yes, Farhan Ahmed specializes in developing Software as a Service (SaaS) applications to meet your business needs. Book an appointment here to discuss: https://farhyn.com/appointment",Additional Services
Can Farhan Ahmed assist with migrating my website to a new platform?,"Yes, Farhan Ahmed can assist with migrating your website to a new platform, ensuring data security and minimal downtime. Schedule an appointment here: https://farhyn.com/appointment",Services
What is Farhan Ahmed's experience in web development?,Farhan Ahmed likely has experience in various web development projects. They can provide details during your consultation.,Services
Does Farhan Ahmed work with clients in [your location]?,Farhan Ahmed may work with clients remotely or have a physical location. Inquire during your consultation.,Services
Can Farhan Ahmed provide references from previous clients?,Farhan Ahmed might be able to provide references or testimonials from satisfied clients.,Services
What is the typical timeline for a web development project with Farhan Ahmed?,Timelines vary based on project complexity. Farhan Ahmed can provide estimated timelines during your consultation.,Services
Does Farhan Ahmed offer ongoing support after project completion?,"Yes, Farhan Ahmed likely offers post-project support, including maintenance and updates.",Services
Does Farhan Ahmed have experience with specific industries or niches?,Farhan Ahmed may have expertise in certain industries or niches. Inquire during your consultation.,Services
Can Farhan Ahmed develop custom plugins or extensions for my website?,"Yes, Farhan Ahmed can create custom plugins or extensions to enhance your website's functionality.",Services
Does Farhan Ahmed offer training or tutorials for website management?,Farhan Ahmed may offer training or tutorials to help you manage your website effectively.,Services
Can Farhan Ahmed help with website analytics and reporting?,"Yes, Farhan Ahmed can set up website analytics tools and provide insights into your website's performance.",Services
Does Farhan Ahmed offer website security audits?,"Yes, Farhan Ahmed can conduct regular security audits to identify vulnerabilities and protect your website.",Services
Can Farhan Ahmed help with website accessibility testing?,"Yes, Farhan Ahmed can ensure your website complies with accessibility standards.",Services
Does Farhan Ahmed offer website translation services?,"While Farhan Ahmed may not offer direct translation services, they can recommend trusted partners.",Services
Can Farhan Ahmed help with website migration to a new platform?,"Yes, Farhan Ahmed can assist with website migration, ensuring minimal downtime and data integrity.",Services
Does Farhan Ahmed offer website maintenance and updates?,"Yes, Farhan Ahmed can provide ongoing maintenance and updates to keep your website up-to-date.",Services
Can Farhan Ahmed help with website performance optimization?,"Yes, Farhan Ahmed can optimize your website for faster loading times and better user experience.",Services
Does Farhan Ahmed offer website backup and recovery services?,"Yes, Farhan Ahmed can implement regular backups to protect your website data.",Services
Does Farhan Ahmed offer website design customization?,"Yes, Farhan Ahmed can create a custom website design that reflects your brand and preferences.",Services
Can Farhan Ahmed help with website content management system (CMS) setup and training?,"Yes, Farhan Ahmed can assist with CMS setup and provide training on its use.",Services
Does Farhan Ahmed offer website A/B testing services?,"Yes, Farhan Ahmed can conduct A/B testing to optimize your website's performance.",Services
Does Farhan Ahmed offer website personalization services?,"Yes, Farhan Ahmed can create personalized website experiences for your users.",Services
Does Farhan Ahmed offer website analytics consultation?,"Yes, Farhan Ahmed can provide guidance on website analytics and help you interpret data.",Services
Does Farhan Ahmed offer website conversion rate optimization (CRO) services?,"Yes, Farhan Ahmed can help improve your website's conversion rates.",Services
Does Farhan Ahmed offer website accessibility compliance testing?,"Yes, Farhan Ahmed can ensure your website meets accessibility standards.",Services
Does Farhan Ahmed offer website security vulnerability scanning?,"Yes, Farhan Ahmed can identify and address security vulnerabilities in your website.",Services
Does Farhan Ahmed offer website disaster recovery planning?,"Yes, Farhan Ahmed can help you develop a plan to recover your website in case of a disaster.",Services
Does Farhan Ahmed offer website maintenance and support packages?,Yes,Services
Does Farhan Ahmed offer a satisfaction guarantee?,Farhan Ahmed likely stands by the quality of their work and may offer a satisfaction guarantee.,Services
Does Farhan Ahmed have experience with headless CMS?,Farhan Ahmed may have experience with headless CMS and can discuss its benefits for your project.,Services
Does Farhan Ahmed offer website accessibility testing?,"Yes, Farhan Ahmed can ensure your website complies with accessibility standards.",Services
Can Farhan Ahmed help with website security vulnerability scanning?,"Yes, Farhan Ahmed can identify and address security vulnerabilities in your website.",Services
Can Farhan Ahmed help with website design customization?,"Yes, Farhan Ahmed can create a custom website design that reflects your brand and preferences.",Services
Does Farhan Ahmed offer website content management system (CMS) setup and training?,"Yes, Farhan Ahmed can assist with CMS setup and provide training on its use.",Services
Does Farhan Ahmed offer website performance optimization?,"Yes, Farhan Ahmed can optimize your website for faster loading times and better user experience.",Services
I need build website,If you need build website then Farhan Ahmed can help you bulid your custom website.  Please submit this form to book an appointment with Farhan Ahmed https://farhyn.com/appointment,Services
can you book an schedule for me,"I can't directly book a schedule for you, but you can easily book your appointment by visiting this page https://farhyn.com/appointment",appointment
can you book an appointment for me,"I can't directly book a appointment for you, but you can easily book your appointment by visiting this page https://farhyn.com/appointment",appointment
